id,firstname,lastname,email
100,Consuela,Fosque,Consuela.Fosque@yopmail.com
101,Kaia,Payson,Kaia.Payson@yopmail.com
102,Elvira,Tacye,Elvira.Tacye@yopmail.com
103,Susan,Shuler,Susan.Shuler@yopmail.com
104,Demetris,Audly,Demetris.Audly@yopmail.com
105,Sara-Ann,Magdalen,Sara-Ann.Magdalen@yopmail.com
106,Ethel,Maurine,Ethel.Maurine@yopmail.com
107,Max,Janith,Max.Janith@yopmail.com
108,Carilyn,Schwejda,Carilyn.Schwejda@yopmail.com
109,Clo,Jorgan,Clo.Jorgan@yopmail.com